Filename,Description
Monkman & Seagull v Riz Ahmed in Star Wars University Challenge-0:00:41.2.mp3,six
Monkman & Seagull v Riz Ahmed in Star Wars University Challenge-0:00:50.6.mp3,death march
The Best Of MONKMAN 2 University Challenge-0:00:17.mp3,hi my name is
The Best Of MONKMAN 2 University Challenge-0:00:26.mp3,well done yes
The Best Of MONKMAN 2 University Challenge-0:00:57.8.mp3,render onto caesar that which is salad
The Best Of MONKMAN 2 University Challenge-0:01:00.5.mp3,he who lives by my sword shall pastrami my sword
The Best Of MONKMAN 2 University Challenge-0:01:04.8.mp3,you wouldve made a wonderful survivalist peach eater
The Best Of MONKMAN University Challenge-0:00:23.0.m4a,the fall of the eeeee
The Best Of MONKMAN University Challenge-0:00:51.0.m4a,you interupted incorrectly. pls dont
University Challenge S46E11 Wolfson-Cambridge vs SOAS-00:03:19.1.mp3,disk world
University Challenge S46E11 Wolfson-Cambridge vs SOAS-00:04:11.5.mp3,zero
University Challenge S46E11 Wolfson-Cambridge vs SOAS-0:01:28.9.mp3,eric monkman
University Challenge S46E11 Wolfson-Cambridge vs SOAS-0:01:29.6.mp3,im from oakville canada
University Challenge S46E11 Wolfson-Cambridge vs SOAS-0:01:31.25.mp3,im studying for a masters in economics
University Challenge S46E11 Wolfson-Cambridge vs SOAS-0:03:18.7.mp3,monkman
University Challenge S46E11 Wolfson-Cambridge vs SOAS-0:03:36.3.mp3,violin
University Challenge S46E11 Wolfson-Cambridge vs SOAS-0:03:37.2.mp3,correct
University Challenge S46E11 Wolfson-Cambridge vs SOAS-0:03:49.8.mp3,the bongos
University Challenge S46E11 Wolfson-Cambridge vs SOAS-0:04:35.2.mp3,harfoot
University Challenge S46E11 Wolfson-Cambridge vs SOAS-0:04:53.8.mp3,no it was edward the confessor
University Challenge S46E11 Wolfson-Cambridge vs SOAS-0:08:04.0.mp3,the caribbean islandsssss
University Challenge S46E11 Wolfson-Cambridge vs SOAS-0:09:40.0.mp3,stev(ph)en
University Challenge S46E11 Wolfson-Cambridge vs SOAS-0:10:05.1.mp3,may. no it was july
University Challenge S46E11 Wolfson-Cambridge vs SOAS-0:10:21.7.mp3,pals batallion
University Challenge S46E11 Wolfson-Cambridge vs SOAS-0:12:12.2.mp3,blunt
University Challenge S46E11 Wolfson-Cambridge vs SOAS-0:12:30.4.mp3,germany russia and britian
University Challenge S46E11 Wolfson-Cambridge vs SOAS-0:12:48.2.mp3,doors keys and goodwind
University Challenge S46E11 Wolfson-Cambridge vs SOAS-0:13:03.6.mp3,the fall of the eeeee
University Challenge S46E11 Wolfson-Cambridge vs SOAS-0:14:54.7.mp3,mozart
University Challenge S46E11 Wolfson-Cambridge vs SOAS-0:15:16.1.mp3,schezuan
University Challenge S46E11 Wolfson-Cambridge vs SOAS-0:15:16.9.mp3,no its
University Challenge S46E11 Wolfson-Cambridge vs SOAS-0:15:32.6.mp3,it is
University Challenge S46E11 Wolfson-Cambridge vs SOAS-0:15:47.5.mp3,north and south dakota
University Challenge S46E11 Wolfson-Cambridge vs SOAS-0:15:48.6.mp3,mmmno
University Challenge S46E11 Wolfson-Cambridge vs SOAS-0:16:14.6.mp3,我是一个肮脏的男孩
University Challenge S46E11 Wolfson-Cambridge vs SOAS-0:16:15.6.mp3,no u lose another 5 points because im afraid of you
University Challenge S46E11 Wolfson-Cambridge vs SOAS-0:17:28.2.mp3,sarahs?
University Challenge S46E11 Wolfson-Cambridge vs SOAS-0:18:21.1.mp3,beckerel
University Challenge S46E11 Wolfson-Cambridge vs SOAS-0:18:53.1.mp3,art deco
University Challenge S46E11 Wolfson-Cambridge vs SOAS-0:19:19.9.mp3,洗你的手
University Challenge S46E11 Wolfson-Cambridge vs SOAS-0:19:20.9.mp3,no its 紫色袜子
University Challenge S46E11 Wolfson-Cambridge vs SOAS-0:19:37.2.mp3,填
University Challenge S46E11 Wolfson-Cambridge vs SOAS-0:19:52.2.mp3,cantonese
University Challenge S46E11 Wolfson-Cambridge vs SOAS-0:19:53.2.mp3,cantonese is correct
University Challenge S46E11 Wolfson-Cambridge vs SOAS-0:26:01.4.mp3,sardarata
University Challenge S46E11 Wolfson-Cambridge vs SOAS-0:26:55.0.mp3,jeruselum
University Challenge S46E11 Wolfson-Cambridge vs SOAS-0:27:05.mp3,sicily
University Challenge S46E11 Wolfson-Cambridge vs SOAS-0:28:54.8.mp3,best soundtrack na
University Challenge S46E21-0:01:19.9.mp3,hi my name is eric monkman im from oakville canada
University Challenge S46E21-0:03:10.0.mp3,patagonia
University Challenge S46E21-0:03:27.8.mp3,pass
University Challenge S46E21-0:03:41.6.mp3,canada. no its australia
University Challenge S46E21-0:03:52.45.mp3,wolfson monkman
University Challenge S46E21-0:03:53.45.mp3,copenhagen
University Challenge S46E21-0:04:17.4.mp3,dr no and nobelium
University Challenge S46E21-0:04:37.0.mp3,nominate chaudri
University Challenge S46E21-0:04:54.2.mp3,po and polanski
University Challenge S46E21-0:05:09.mp3,an astro leg
University Challenge S46E21-0:05:10.7.mp3,no u lose 5 points
University Challenge S46E21-0:05:45.4.mp3,uhh uranus
University Challenge S46E21-0:09:14.1.mp3,vietnamese
University Challenge S46E21-0:09:34.65.mp3,the phillipines
University Challenge S46E21-0:09:50.1.mp3,turkey
University Challenge S46E21-0:10:47.0.mp3,babe ruth
University Challenge S46E21-0:11:13.7.mp3,lithuania
University Challenge S46E21-0:11:47.0.mp3,crokko
University Challenge S46E21-0:12:02.1.mp3,a ratchet
University Challenge S46E21-0:12:24.5.mp3,tom bombodill
University Challenge S46E21-0:12:36.0.mp3,weather top
University Challenge S46E21-0:12:47.0.mp3,elron
University Challenge S46E21-0:16:40.8.mp3,capri sun
University Challenge S46E21-0:17:20.4.mp3,the turks
University Challenge S46E21-0:17:21.8.mp3,no u lose 5 points
University Challenge S46E21-0:18:48.0.mp3,milan
University Challenge S46E21-0:19:06.8.mp3,linkenshire
University Challenge S46E21-0:19:23.9.mp3,swanzi
University Challenge S46E21-0:19:57.6.mp3,a jean
University Challenge S46E21-0:19:59.1.mp3,no
University Challenge S46E21-0:20:44.0.mp3,nominate chaudri
University Challenge S46E21-0:21:03.6.mp3,nominate chaudri
University Challenge S46E21-0:21:32.4.mp3,nomindate chaudri
University Challenge S46E21-0:23:13.5.mp3,no it wasnt. it was guch
University Challenge S46E21-0:23:26.5.mp3,bradsford
University Challenge S46E21-0:23:27.9.mp3,i dont call a bradsford on the eee eee
University Challenge S46E21-0:24:14.4.mp3,wolfson monkman
University Challenge S46E21-0:24:15.4.mp3,delaware maryland and virginia
University Challenge S46E21-0:24:51.1.mp3,jazzz
University Challenge S46E21-0:25:07.6.mp3,van dyke
University Challenge S46E21-0:25:45.5.mp3,yessss
University Challenge S46E21-0:25:46.5.mp3,ppp p ppp ppp
University Challenge S46E21-0:26:06.3.mp3,telemikiss
University Challenge S46E21-0:26:18.1.mp3,ellen and mayonaise
University Challenge S46E21-0:26:40.5.mp3,r rr rr itten the last symphony they wrote
University Challenge S46E21-0:27:34.8.mp3,times square
University Challenge S46E21-0:27:53.9.mp3,come on gimme ur lunch money
University Challenge S46E21-0:28:10.3.mp3,maize
University Challenge S46E35-0:02:11.5.mp3,helllo my name is eric monkman. you know the lyrics
University Challenge S46E35-0:03:56.5.mp3,the gunpowder plot
University Challenge S46E35-0:05:42.5.mp3,apple plexia
University Challenge S46E35-0:06:02.5.mp3,nominate yang
University Challenge S46E35-0:06:16.7.mp3,appocolypsus johannus
University Challenge S46E35-0:07:56.1.mp3,wolfson monkman
University Challenge S46E35-0:07:57.0.mp3,debrouille
University Challenge S46E35-0:08:38.2.mp3,nominate my boi cosgrove
University Challenge S46E35-0:09:01.0.mp3,nominate cosgrove
University Challenge S46E35-0:09:15.1.mp3,nominate cosgrove
University Challenge S46E35-0:09:37.8.mp3,peas
University Challenge S46E35-0:10:19.9.mp3,mostock
University Challenge S46E35-0:10:21.5.mp3,that isnt what i asked u for
University Challenge S46E35-0:10:26.mp3,o east
University Challenge S46E35-0:12:19.3.mp3,flod and peel
University Challenge S46E35-0:12:38.3.mp3,maurice
University Challenge S46E35-0:12:39.0.mp3,it is william morris yes
University Challenge S46E35-0:12:54.mp3,louis carol
University Challenge S46E35-0:17:53.3.mp3,the demilitarized zone
University Challenge S46E35-0:18:17.3.mp3,she was from austria hungary and she won it for peas
University Challenge S46E35-0:18:34.6.mp3,litter her church sweesh his
University Challenge S46E35-0:18:48.5.mp3,italian and medicine
University Challenge S46E35-0:18:49.7.mp3,no its literature and italian
University Challenge S46E35-0:19:20.9.mp3,game of life
University Challenge S46E35-0:19:36.6.mp3,stable pattern
University Challenge S46E35-0:19:53.mp3,adam and eve
University Challenge S46E35-0:20:08.3.mp3,a zaney???
University Challenge S46E35-0:20:09.3.mp3,YES
University Challenge S46E35-0:20:29.3.mp3,dart more
University Challenge S46E35-0:20:48.9.mp3,tile and wei
University Challenge S46E35-0:20:49.9.mp3,no its the ridgeway
University Challenge S46E35-0:21:13.9.mp3,eee rembrandt
University Challenge S46E35-0:22:55.3.mp3,hilbert
University Challenge S46E35-0:23:31.7.mp3,charles james f. no its castle ray
University Challenge S46E35-0:23:44.7.mp3,wordsworth
University Challenge S46E35-0:23:45.7.mp3,haha no its sully
University Challenge S46E35-0:24:03.0.mp3,apothy aa ee apostrophe
University Challenge S46E35-0:24:04.1.mp3,eeee
University Challenge S46E35-0:24:05.4.mp3,no u lose 5 points
University Challenge S46E35-0:24:34.5.mp3,berlin?
University Challenge S46E35-0:26:07.9.mp3,rash and mom
University Challenge S46E35-0:26:41.3.mp3,fiat looks
University Challenge S46E35-0:26:50.3.mp3,stet
University Challenge S46E35-0:28:12.8.mp3,goodbye
